gxp,edb,r2_qp,resid_std,decoupled,steady_dg,net_exporter,contaminated
ABY0111,ALPE,0.6293515769354474,0.42093271524525244,False,False,True,True
ADD0111,ORON,,,False,False,False,False
ADD0661,ORON,,,False,False,False,False
AHA0111,WPOW,,,False,False,False,False
ALB0331,UNET,,,False,False,False,False
ALB1101,UNET,,,False,False,False,False
ANA0111,LINE,,,False,False,True,True
APS0111,ORON,0.13147801323301456,0.006490425355509071,False,False,True,True
ARI1102,POCO,,,False,False,True,True
ASB0331,EASH,0.5179714487445917,0.72346128604645,False,True,True,True
ASB0661,EASH,0.8203421512740801,7.413723271637003,False,True,False,True
ASY0111,MPOW,,,False,False,False,False
ATI0111,TRUS,,,False,False,True,True
ATI2201,MRPL,,,False,False,True,True
ATU1101,WPOW,0.3907828172912824,0.144449833668322,False,False,True,True
BAL0331,OTPO,0.00407591398244278,2.3033588196845107,False,False,False,False
BDE0111,RAYN,0.8009997836772487,0.690872829284887,False,False,False,False
BLN0331,MARL,0.41631147940451163,2.8330274891386655,False,False,False,False
BOB0331,COUP,0.28219225949544813,0.5555287965215977,False,False,True,True
BOB1101,COUP,0.2970284099534837,3.294164265880981,False,False,False,False
BPD1101,ALPE,0.8951398756841473,0.35114833951505575,False,False,False,False
BPE0331,POCO,0.02201483733539522,6.3047318136860335,True,False,False,True
BPE0551,NZRN,0.6248541632403105,0.46312719883044745,False,False,True,True
BPT1101,WATA,0.90891162762894,0.3835810956776149,False,False,True,True
BRB0331,NPOW,0.8508853346079519,1.1904798841738138,False,True,False,True
BRK0331,POCO,0.600458027387833,0.7908598379237606,False,False,False,False
BRY0111,ORON,,,False,False,False,False
BRY0661,ORON,0.05319964376181019,8.251725923219889,True,False,False,True
CBE0331,EASH,,,False,True,False,True
CBG0111,WAIP,0.4204234872061191,1.4566813416871147,False,False,False,False
CLH0111,ORON,0.04749695937502152,0.027325872000108078,False,False,True,True
CML0331,DUNE,0.2665325482693496,2.1987502561977665,False,False,False,False
COL0111,ORON,0.283365491101343,0.010900251217443806,False,False,True,True
CPK0111,UNET,,,False,False,False,False
CPK0331,UNET,,,False,False,False,False
CST0111,POCO,,,False,False,False,False
CST0331,POCO,0.3366150071764642,1.8612184623242722,False,False,False,False
CUL0331,MPOW,0.7202350249172433,0.9227115075515502,False,False,False,False
CUL0661,MPOW,0.24299819641706966,0.420425967078981,False,False,False,False
CYD0331,DUNE,,,False,False,True,True
DAR0111,NPOW,,,False,True,False,True
DOB0331,WPOW,0.01259723669285373,0.7589558525634191,False,False,True,True
DVK0111,SCAN,0.49684897412532436,0.5713039337702104,False,False,False,False
EDG0331,HEDL,0.5116781229288156,2.1054202198186576,False,False,False,False
EDN0331,TPCO,0.9539495735059638,0.6354249845018398,False,False,False,False
FHL0331,HAWK,0.6189526552752276,1.9024318754645089,False,True,False,True
FKN0331,DUNE,0.3171099488420267,1.649685084816581,False,False,False,False
GFD0331,UNET,,,False,False,False,False
GIS0111,EAST,,,False,False,True,True
GIS0501,EAST,,,False,False,False,False
GLN0331,NZST,0.19809232544305888,5.587818095675075,False,False,False,False
GLN0332,NZST,,,False,False,True,True
GOR0331,TPCO,0.5091069109204992,1.2851759875226123,False,False,False,False
GYM0661,WPOW,0.14059794845688411,0.5494386563966064,False,False,False,False
GYT0331,POCO,0.0887242303016823,0.9399214912001493,False,False,False,False
HAM0111,WAIK,0.20287413765009177,0.5960150832097989,False,False,False,False
HAM0331,WAIK,0.2592728057458997,4.741544445756874,False,False,False,False
HAM0551,NZRN,0.5069084796719185,0.48231747457393837,False,False,True,True
HAY0111,UNET,,,False,False,False,False
HAY0331,UNET,,,False,False,False,False
HEN0331,UNET,,,False,False,False,False
HEP0331,UNET,,,False,False,False,False
HIN0331,UNET,,,False,False,False,False
HKK0661,WPOW,0.3645839237776951,1.840893129346212,False,False,False,False
HLY0331,WAIK,0.08405251174587369,1.7324943411610039,False,False,False,False
HOB1101,VECT,0.00737215637445221,11.900491990780102,True,False,False,True
HOR0331,ORON,0.7859031775030018,0.6903130610942632,False,False,False,False
HOR0661,ORON,0.7341645335142408,0.8738879520746389,False,False,False,False
HTI0331,LINE,0.7333129204550473,1.370736276861983,False,False,False,False
HTI1101,LINE,0.838119772662131,0.8363031470935105,False,False,False,False
HTU0331,WAIP,,,False,False,False,False
HUI0331,POCO,0.30691505039851863,1.601245972626087,False,False,True,True
HWA0331,POCO,0.1842867407574308,1.3855256250636334,False,False,False,False
HWA0332,KUPE,0.33684218705174385,0.8725836819159505,False,False,True,True
HWA1101,POCO,,,False,False,True,True
HWB0331,DUNE,0.1617929757173916,7.5020552574255435,False,False,False,False
HWB0332,DUNE,0.2634153510570002,1.632591406743154,False,False,False,False
HWB1101,OTPO,0.2587690121478194,0.47083025919364135,False,False,False,False
INV0331,ELIN,0.3216008415038527,2.9222943422653462,False,False,False,False
INV0661,TPCO,,,False,False,True,True
ISL0331,ORON,0.38365472148423563,3.540016193782886,False,False,False,False
ISL0661,ORON,0.0009012688602278995,10.821946782769597,True,False,False,True
KAI0111,MPOW,0.18444382051080577,0.6380681815929682,False,False,False,False
KAW0111,HEDL,0.17162990435438508,2.2868345319152885,False,False,True,True
KAW0112,TAPP,,,False,False,True,True
KAW0113,TAPP,,,False,False,True,True
KBY0661,ORON,0.7441802517146356,0.3342310907536052,False,False,False,False
KBY0662,ORON,0.8968871984837726,0.24760570182274688,False,False,False,False
KEN0331,NPOW,,,False,True,False,True
KIK0111,TASM,0.01868416076320567,0.19950979944503958,False,False,False,False
KIN0111,UNET,,,False,False,False,False
KIN0112,CHHE,,,False,False,True,True
KIN0113,POCO,0.9170098779663399,1.4957574853618218,False,False,False,False
KIN0331,UNET,,,False,False,False,False
KKA0331,MPOW,,,False,False,False,False
KMO0331,POCO,0.0468897456215831,0.7124696506688254,False,False,False,False
KOE0331,TOPE,,,False,False,True,True
KOE1101,TOPE,0.050323668449572145,3.7416315538867586,False,False,True,True
KPA1101,KAPE,,,False,False,True,True
KPU0661,UNET,,,False,False,False,False
KTA0331,TOPE,,,False,False,False,False
KUM0661,WPOW,0.7128972091944256,0.9347656638949916,False,False,True,True
KWA0111,UNET,,,False,False,False,False
LFD1101,VECT,0.9665681315830595,0.14986426159921076,False,False,False,False
LFD1102,VECT,0.9700715441517308,0.1424134330227433,False,False,False,False
LTN0331,POCO,0.2624323310832589,4.785903541001031,False,False,False,False
MAT1101,BOPE,,,False,False,True,True
MCH0111,TASM,0.07054258512770795,0.16046266205390555,False,False,True,True
MDN0141,MRPL,,,False,False,True,True
MDN0142,MRPL,,,False,False,True,True
MDN0331,NPOW,,,False,True,True,True
MDN1101,MRPL,,,False,False,True,True
MER0331,WAIK,0.41844272347711975,0.09167216524132003,False,False,True,True
MGM0331,POCO,0.748052680094805,0.5764684019127759,False,False,False,False
MHO0331,ELEC,0.14458562810664854,2.643899326024835,False,False,True,True
MLG0111,UNET,,,False,False,False,False
MLG0331,UNET,,,False,False,False,False
MLN0661,ORON,,,False,False,False,False
MLN0664,ORON,,,False,False,False,False
MNG0331,VECT,0.5793535180340657,3.5328537084643505,False,False,False,False
MNG1101,VECT,0.30620702096813457,2.5702811318602614,False,False,False,False
MNI0111,POCO,,,False,False,True,True
MOT0111,TASM,,,False,False,False,False
MPE0331,NPOW,,,False,True,False,True
MPE1101,NPOW,0.3965104695993589,4.342502080579617,False,True,False,True
MPI0331,TASM,,,False,False,False,False
MPI0661,TASM,,,False,False,False,False
MRA0111,POCO,,,False,False,False,False
MRR0111,LINE,,,False,False,False,False
MST0331,POCO,0.4837122969715343,1.2559075733180265,False,False,False,False
MTI0111,LINE,,,False,False,False,False
MTM0111,UNET,,,False,False,False,False
MTM0331,UNET,,,False,False,False,False
MTN0331,POCO,0.6629070865046128,0.6024350972622944,False,False,False,False
MTO0331,NPOW,0.18004963500879878,0.9292222141480379,False,True,False,True
MTR0331,POCO,0.3109170227730662,0.16882664302001466,False,False,False,False
NAP2201,MRPL,,,False,False,True,True
NMA0331,TPCO,0.2103064289310944,3.8208104185227834,False,False,True,True
NPK0331,LINE,0.23997977527850411,0.2090415062738043,False,False,False,False
NPL0331,CTCT,,,False,False,True,True
NSY0331,OTPO,0.5714050553631556,1.9632256696315258,False,False,False,False
NWD0661,ORON,,,False,False,False,False
OAM0331,WATA,0.4803930629877018,1.4630175979198754,False,False,False,False
OKI0111,UNET,,,False,False,False,False
OKN0111,LINE,0.4589601937667064,0.1598551020635031,False,False,False,False
ONG0331,LINE,0.25443948431590657,0.8960794394204532,False,False,True,True
OPK0331,POCO,0.7916398155476418,0.5632674666897483,False,False,False,False
ORO1101,BUEL,0.010954477575524368,0.45322916601575,False,False,False,False
ORO1102,BUEL,0.004252737442953292,0.4501888365297539,False,False,False,False
OTA0221,VECT,0.618980339703259,1.6389027529515414,False,False,False,False
OTA1102,CTCT,,,False,False,True,True
OTI0111,WPOW,0.9915459566322405,0.012332994863791236,False,False,True,True
OWH0111,UNET,,,False,False,False,False
PAK0331,VECT,0.44205948268169937,4.605500701771176,False,False,False,False
PAL0331,OTPO,,,False,False,False,False
PAO1101,POCO,0.3457451317428685,2.0280854375980333,False,False,False,False
PAP0111,ORON,,,False,False,False,False
PAP0661,ORON,,,False,False,False,False
PEN0221,VECT,0.7212211143431426,1.748936349021119,False,False,False,False
PEN0251,NZRN,0.8398988581231767,0.12239552664855477,False,False,True,True
PEN0331,VECT,,,False,False,False,False
PEN1101,VECT,0.018347493731611375,11.92587754980783,True,False,False,True
PNI0331,UNET,,,False,False,False,False
PRM0331,ELEC,0.17569782297965286,1.4916082377322954,False,False,False,False
RDF0331,HAWK,0.40577197064268333,1.679306604754106,False,True,False,True
RFN1101,WPOW,0.44922636069815763,0.3069560473621988,False,False,True,True
RFN1102,WPOW,0.06305008891239017,0.4221155789430452,False,False,False,False
RFT0111,WPOW,,,False,False,True,True
ROB1101,BUEL,,,False,False,False,False
ROS0221,VECT,0.6711457568318799,1.847621679407396,False,False,False,False
ROS1101,VECT,0.10095984285615467,3.314643737604921,False,False,False,False
ROT0111,UNET,,,False,False,False,False
ROT0331,UNET,,,False,False,False,False
SBK0331,MPOW,0.38153349692608873,0.6889657376161405,False,False,False,False
SBK0661,MPOW,0.6712519241046768,1.6385426484388388,False,False,False,False
SDN0331,DUNE,0.33371885806607837,2.222229682126664,False,False,False,False
SFD0331,POCO,0.5879771069142905,1.1741670670046926,False,False,False,False
SPN0331,ORON,,,False,False,False,False
SPN0661,ORON,,,False,False,False,False
STK0331,TASM,,,False,False,False,False
STK0661,TASM,0.6897047207462734,2.471121353819435,False,False,True,True
STU0111,ALPE,0.5859407255879296,0.5365568485203497,False,False,False,False
SVL0331,UNET,,,False,False,False,False
SWN0251,NZRN,0.6372412669517893,0.14507703071641279,False,False,True,True
TAB0331,HAWK,,,False,True,True,True
TAK0331,VECT,0.4275925383152278,3.2799521497042745,False,False,False,False
TGA0111,UNET,,,False,False,False,False
TGA0331,UNET,,,False,False,False,False
TIM0111,ALPE,0.42565370279871195,2.1540234104386657,False,False,False,False
TKA0331,ALPE,0.08686840456983858,0.13248165186423294,False,False,False,False
TKH0111,HEDL,0.3885121729441937,0.04633899091822187,False,False,True,True
TKR0331,UNET,,,False,False,False,False
TKU0331,LINE,,,False,False,False,False
TMI0331,UNET,,,False,False,False,False
TMK0111,ALPE,,,False,False,False,False
TMK0331,ALPE,0.8651733175673316,2.016617595512023,False,False,False,False
TMN0551,NZRN,0.30350894895164193,0.7878741868522907,False,False,True,True
TMU0111,WAIP,0.5472384761214316,1.7008520185602174,False,False,False,False
TNG0111,WNST,0.05952687779584376,2.2148867532502488,False,False,True,True
TNG0551,NZRN,0.45550508400081746,0.7140528401586619,False,False,True,True
TOB0501,EAST,,,False,False,False,False
TRK0111,HAWK,0.03563694908263548,0.2603005108689344,False,True,False,True
TUI0111,EAST,,,False,False,True,True
TUI1101,EAST,0.00947149401544567,3.7417714204689685,False,False,True,True
TWC2201,TRPG,,,False,False,True,True
TWH0331,WAIK,0.08953377400040541,7.433537085257158,True,False,True,True
TWI2201,NZAS,0.7221783665489663,18.9064068927973,False,False,False,False
TWZ0331,ALPE,0.030714637401318856,0.432110389676598,False,False,False,False
UHT0331,UNET,,,False,False,False,False
WAI0111,HEDL,0.5611353022410688,0.3163129090097802,False,False,False,False
WAI0501,HEDL,0.1724360873151512,0.08108412873236,False,False,True,True
WDV0111,SCAN,0.005565253873196951,0.15690761987635615,False,False,False,False
WEL0331,UNET,,,False,False,False,False
WES0331,WAIK,,,False,False,True,True
WGN0331,POCO,0.6791964210839854,0.8603278988335705,False,False,False,False
WHI0111,CTCT,0.019955221359706066,4.036583839975204,False,False,False,False
WHU0331,UNET,,,False,False,False,False
WIL0331,UNET,,,False,False,True,True
WIR0331,VECT,0.6366965728066529,3.173146991071001,False,False,False,False
WKM2201,TUAR,,,False,False,True,True
WKO0331,UNET,,,False,False,False,False
WMG0331,BUEL,,,False,False,False,False
WPR0331,MPOW,0.4418196960160137,0.339760697499376,False,False,False,False
WPR0661,MPOW,0.26668447204429746,0.4915873472259949,False,False,False,False
WPT0111,BUEL,0.8391715414614155,0.3127778028972984,False,False,False,False
WPW0331,CHBP,0.5898797635554982,0.8545587719471776,False,False,False,False
WRA0111,EAST,,,False,False,False,False
WRA0501,WROA,,,False,False,True,True
WRD0331,VECT,0.06492335863115917,4.604240360712038,False,False,False,False
WRK0331,UNET,,,False,False,True,True
WTK0111,WATA,0.010738720109430444,1.2764864685568498,False,False,True,True
WTK0331,WATA,0.7559175189983445,0.014479474969069536,False,False,True,True
WTN0111,TPCO,,,False,False,False,False
WTN0661,TPCO,,,False,False,False,False
WTU0331,HAWK,0.5952952118080479,2.305081421099152,False,True,False,True
WVY0111,POCO,0.7675240229167815,0.19461847408707242,False,False,False,False
WWD1102,MERI,,,False,False,True,True
WWD1103,MERI,,,False,False,True,True
